City_ID,City,Country,Date,Lat,Lng,Max Temp,Humidity,Cloudiness,Wind Speed
0,Albany,US,2021-09-25 01:42:01,42.6001,-73.9662,59.63,82,2,2.28
1,Wasilla,US,2021-09-25 01:45:09,61.5814,-149.4394,38.03,92,90,0.0
2,Ushuaia,AR,2021-09-25 01:41:59,-54.8,-68.3,38.86,87,75,0.0
3,Esperance,AU,2021-09-25 01:45:10,-33.8667,121.9,55.24,53,46,14.36
4,Hermanus,ZA,2021-09-25 01:43:29,-34.4187,19.2345,53.91,83,100,3.02
5,Busselton,AU,2021-09-25 01:43:24,-33.65,115.3333,59.04,58,3,17.27
6,Yellowknife,CA,2021-09-25 01:43:40,62.456,-114.3525,46.92,90,75,16.11
7,Brae,GB,2021-09-25 01:45:12,60.3964,-1.353,51.71,77,98,7.87
8,Mahebourg,MU,2021-09-25 01:42:11,-20.4081,57.7,71.26,94,75,3.44
9,Airai,TL,2021-09-25 01:42:41,-8.9266,125.4092,77.65,36,25,2.53
10,Punta Arenas,CL,2021-09-25 01:39:19,-53.15,-70.9167,41.11,75,90,6.91
11,Rikitea,PF,2021-09-25 01:38:28,-23.1203,-134.9692,73.89,79,100,16.96
12,Abnub,EG,2021-09-25 01:45:13,27.2696,31.1511,75.42,49,0,9.37
13,Pangnirtung,CA,2021-09-25 01:43:45,66.1451,-65.7125,32.45,53,13,3.27
14,Ahipara,NZ,2021-09-25 01:43:56,-35.1667,173.1667,60.93,67,8,8.66
15,Koumac,NC,2021-09-25 01:45:14,-20.5667,164.2833,75.33,60,35,8.16
16,Mizdah,LY,2021-09-25 01:45:15,31.4451,12.9801,68.79,78,5,5.14
17,Pisco,PE,2021-09-25 01:40:40,-13.7,-76.2167,61.02,82,0,6.91
18,Atuona,PF,2021-09-25 01:43:27,-9.8,-139.0333,77.88,79,100,16.96
19,Mataura,NZ,2021-09-25 01:42:38,-46.1927,168.8643,49.48,95,94,12.19
20,Estevan,CA,2021-09-25 01:45:16,49.1334,-102.9842,50.22,25,1,8.05
21,Saskylakh,RU,2021-09-25 01:42:40,71.9167,114.0833,32.11,86,100,13.91
22,Namibe,AO,2021-09-25 01:44:14,-15.1961,12.1522,65.07,91,70,4.76
23,Nuuk,GL,2021-09-25 01:43:09,64.1835,-51.7216,31.46,52,0,18.14
24,Khatanga,RU,2021-09-25 01:44:17,71.9667,102.5,32.61,83,100,8.66
25,Thompson,CA,2021-09-25 01:43:38,55.7435,-97.8558,42.96,93,90,5.75
26,Jamestown,US,2021-09-25 01:43:12,42.097,-79.2353,56.84,79,1,1.01
27,Hobart,AU,2021-09-25 01:44:02,-42.8794,147.3294,51.06,63,20,5.01
28,Victoria,HK,2021-09-25 01:40:43,22.2855,114.1577,89.26,75,62,3.0
29,Sorland,NO,2021-09-25 01:45:18,67.667,12.6934,48.76,76,100,13.24
30,Barrow,US,2021-09-25 01:43:58,71.2906,-156.7887,30.22,80,90,3.44
31,Buala,SB,2021-09-25 01:45:18,-8.145,159.5921,85.59,68,94,7.47
32,Coquimbo,CL,2021-09-25 01:42:40,-29.9533,-71.3436,55.13,94,90,3.44
33,Tura,IN,2021-09-25 01:44:22,25.5198,90.2201,81.73,78,11,2.73
34,Pevek,RU,2021-09-25 01:43:55,69.7008,170.3133,28.89,75,100,12.93
35,Mar Del Plata,AR,2021-09-25 01:42:24,-38.0023,-57.5575,55.13,61,0,1.99
36,Mayo,US,2021-09-25 01:45:20,38.8876,-76.5119,64.22,87,1,0.0
37,Bismil,TR,2021-09-25 01:45:20,37.8486,40.6658,67.62,59,0,3.89
38,Saldanha,ZA,2021-09-25 01:43:23,-33.0117,17.9442,55.87,86,100,4.25
39,Sumenep,ID,2021-09-25 01:45:21,-7.0167,113.8667,85.23,66,89,10.85
40,Saint-Denis,FR,2021-09-25 01:45:22,48.9167,2.3333,57.11,92,0,3.44
41,Kaitangata,NZ,2021-09-25 01:45:22,-46.2817,169.8464,55.9,68,73,13.47
42,Bredasdorp,ZA,2021-09-25 01:41:02,-34.5322,20.0403,47.52,93,96,4.61
43,Aksarka,RU,2021-09-25 01:45:23,66.5606,67.7975,33.6,94,25,4.32
44,Vaini,TO,2021-09-25 01:41:14,-21.2,-175.2,75.36,69,20,14.97
45,Butaritari,KI,2021-09-25 01:43:32,3.0707,172.7902,83.73,73,12,10.83
46,Bajil,YE,2021-09-25 01:45:23,15.0584,43.2851,85.53,68,66,2.55
47,Hilo,US,2021-09-25 01:40:39,19.7297,-155.09,81.28,83,90,10.36
48,Cape Town,ZA,2021-09-25 01:38:51,-33.9258,18.4232,55.27,90,0,4.61
49,Carnarvon,AU,2021-09-25 01:42:55,-24.8667,113.6333,71.67,64,1,13.8
50,Diebougou,BF,2021-09-25 01:45:25,10.9667,-3.25,71.56,92,95,2.48
51,Grimshaw,CA,2021-09-25 01:43:17,56.1834,-117.6027,62.22,42,75,20.71
52,Matamoros,MX,2021-09-25 01:45:25,25.5333,-103.25,80.17,36,5,18.16
53,Namatanai,PG,2021-09-25 01:41:25,-3.6667,152.4333,84.56,69,18,6.33
54,Little Current,CA,2021-09-25 01:45:26,45.9793,-81.9248,59.05,86,14,11.63
55,Zhob,PK,2021-09-25 01:45:26,31.3411,69.4481,72.55,60,0,1.52
56,Tamiahua,MX,2021-09-25 01:45:27,21.2667,-97.45,76.46,73,50,3.96
57,Kangaatsiaq,GL,2021-09-25 01:45:27,68.3065,-53.4641,29.5,83,100,3.58
58,San Patricio,US,2021-09-25 01:43:41,28.017,-97.5169,78.84,57,52,7.63
59,Hamilton,US,2021-09-25 01:43:46,39.1834,-84.5333,62.73,76,1,0.0
60,Georgetown,MY,2021-09-25 01:41:09,5.4112,100.3354,84.88,83,20,1.99
61,Kihei,US,2021-09-25 01:42:19,20.785,-156.4656,86.02,56,1,24.16
62,Maputo,MZ,2021-09-25 01:45:30,-25.9653,32.5892,66.22,91,40,3.44
63,Huarmey,PE,2021-09-25 01:45:30,-10.0681,-78.1522,63.63,84,99,8.59
64,Nouadhibou,MR,2021-09-25 01:44:31,20.931,-17.0347,69.78,88,40,13.8
65,Avarua,CK,2021-09-25 01:41:39,-21.2078,-159.775,77.05,50,96,6.91
66,Klaksvik,FO,2021-09-25 01:45:31,62.2266,-6.589,41.92,71,100,6.82
67,Kruisfontein,ZA,2021-09-25 01:44:50,-34.0033,24.7314,52.03,89,55,5.12
68,Longyan,CN,2021-09-25 01:45:32,25.1072,117.0225,85.35,65,3,2.42
69,Tanete,ID,2021-09-25 01:45:32,-3.9443,119.7848,81.59,73,97,2.95
70,Springbok,ZA,2021-09-25 01:45:33,-29.6643,17.8865,57.97,33,10,3.06
71,Tiksi,RU,2021-09-25 01:42:07,71.6872,128.8694,33.33,77,100,21.32
72,Port Alfred,ZA,2021-09-25 01:43:27,-33.5906,26.891,59.13,83,67,6.82
73,Kapaa,US,2021-09-25 01:43:53,22.0752,-159.319,82.38,81,75,1.99
74,Mutis,CO,2021-09-25 01:45:34,6.2262,-77.4044,78.39,85,100,1.45
75,Lithgow,AU,2021-09-25 01:45:34,-33.4833,150.15,62.87,23,0,9.19
76,Ipixuna,BR,2021-09-25 01:45:35,-1.7625,-48.8043,78.75,93,33,4.47
77,Atar,MR,2021-09-25 01:44:27,20.5169,-13.0499,89.04,21,15,5.5
78,Gobabis,NA,2021-09-25 01:45:35,-22.45,18.9667,63.28,28,2,8.46
79,Sambava,MG,2021-09-25 01:44:12,-14.2667,50.1667,69.75,89,58,9.46
80,Port Elizabeth,ZA,2021-09-25 01:44:36,-33.918,25.5701,50.29,93,0,2.3
81,Seymchan,RU,2021-09-25 01:45:36,62.8833,152.4333,47.55,52,85,2.82
82,New Norfolk,AU,2021-09-25 01:45:37,-42.7826,147.0587,50.72,55,66,4.0
83,Fairbanks,US,2021-09-25 01:40:45,64.8378,-147.7164,35.6,89,90,1.01
84,Saint-Philippe,RE,2021-09-25 01:41:25,-21.3585,55.7679,71.15,82,2,10.56
85,Palasa,IN,2021-09-25 01:45:38,18.7667,84.4167,81.73,79,73,2.08
86,Tuktoyaktuk,CA,2021-09-25 01:44:22,69.4541,-133.0374,35.6,93,90,18.41
87,Tuatapere,NZ,2021-09-25 01:45:38,-46.1333,167.6833,49.82,76,85,16.6
88,Sao Paulo De Olivenca,BR,2021-09-25 01:45:39,-3.3783,-68.8725,72.88,99,100,1.74
89,Lebu,CL,2021-09-25 01:42:41,-37.6167,-73.65,51.64,94,10,2.89
90,Castro,BR,2021-09-25 01:40:45,-24.7911,-50.0119,56.86,92,42,5.64
91,Clyde River,CA,2021-09-25 01:41:16,70.4692,-68.5914,27.7,71,20,4.29
92,Torbay,CA,2021-09-25 01:42:54,47.6666,-52.7314,47.57,84,75,4.61
93,Grand Gaube,MU,2021-09-25 01:44:09,-20.0064,57.6608,71.38,77,46,8.99
94,Ribeira Grande,PT,2021-09-25 01:42:08,38.5167,-28.7,70.41,82,100,19.93
95,Turka,UA,2021-09-25 01:45:41,49.1541,23.0297,45.93,85,69,3.89
96,Bluff,NZ,2021-09-25 01:42:19,-46.6,168.3333,49.8,75,99,31.21
97,Provideniya,RU,2021-09-25 01:42:16,64.3833,-173.3,33.69,88,100,17.52
98,Chokurdakh,RU,2021-09-25 01:44:16,70.6333,147.9167,34.3,77,100,16.46
99,Superior,US,2021-09-25 01:45:42,46.7208,-92.1041,53.71,64,1,4.61
100,Salalah,OM,2021-09-25 01:45:43,17.0151,54.0924,80.69,83,40,5.75
101,Vila Franca Do Campo,PT,2021-09-25 01:43:47,37.7167,-25.4333,69.19,81,99,6.33
102,Portland,US,2021-09-25 01:42:21,45.5234,-122.6762,86.59,39,1,4.0
103,Veracruz,MX,2021-09-25 01:42:44,19.3333,-96.6667,76.87,92,96,0.87
104,Cockburn Town,TC,2021-09-25 01:41:27,21.4612,-71.1419,82.9,73,100,9.01
105,Katsuura,JP,2021-09-25 01:42:22,35.1333,140.3,73.51,71,57,16.31
106,Puerto Ayora,EC,2021-09-25 01:43:42,-0.7393,-90.3518,69.73,88,96,6.13
107,Yulara,AU,2021-09-25 01:45:44,-25.2406,130.9889,78.64,11,97,13.8
108,Camacha,PT,2021-09-25 01:45:45,33.0833,-16.3333,65.62,77,20,0.0
109,Qaanaaq,GL,2021-09-25 01:40:43,77.484,-69.3632,14.61,69,25,8.46
110,Oranjestad,AW,2021-09-25 01:45:46,12.524,-70.027,84.15,83,20,3.0
111,Sicuani,PE,2021-09-25 01:45:46,-14.2694,-71.2261,51.42,58,11,2.24
112,Okhotsk,RU,2021-09-25 01:45:31,59.3833,143.3,55.36,57,39,0.83
113,Flinders,AU,2021-09-25 01:42:49,-34.5833,150.8552,58.28,89,79,13.58
114,Nanortalik,GL,2021-09-25 01:45:47,60.1432,-45.2371,36.39,65,3,8.97
115,Lata,PT,2021-09-25 01:44:31,40.1629,-8.3327,62.82,90,100,3.96
116,Dunedin,NZ,2021-09-25 01:45:48,-45.8742,170.5036,61.05,54,24,18.3
117,Hambantota,LK,2021-09-25 01:44:19,6.1241,81.1185,79.14,100,20,5.75
118,Goure,NE,2021-09-25 01:45:48,13.9835,10.2704,85.01,21,44,4.47
119,Kiama,AU,2021-09-25 01:44:07,-34.6833,150.8667,58.48,91,92,1.99
120,Arraial Do Cabo,BR,2021-09-25 01:40:44,-22.9661,-42.0278,67.96,83,0,19.57
121,Otane,NZ,2021-09-25 01:45:49,-39.8833,176.6333,69.39,43,98,4.18
122,Say,NE,2021-09-25 01:45:50,13.1007,2.3689,84.76,66,97,8.97
123,Talnakh,RU,2021-09-25 01:43:07,69.4865,88.3972,35.53,65,76,0.83
124,Sitka,US,2021-09-25 01:44:34,57.0531,-135.33,51.69,76,75,9.22
125,Zemio,CF,2021-09-25 01:45:51,5.0314,25.1361,65.12,98,96,1.48
126,Vao,NC,2021-09-25 01:44:05,-22.6667,167.4833,68.7,66,92,11.81
127,Baoro,CF,2021-09-25 01:45:51,5.6667,15.9667,66.0,97,100,0.34
128,Valdemarpils,LV,2021-09-25 01:45:52,57.3707,22.5919,56.62,95,100,10.13
129,Bengkulu,ID,2021-09-25 01:43:06,-3.8004,102.2655,80.6,78,93,2.13
130,Toktogul,KG,2021-09-25 01:45:52,41.8708,72.9402,63.72,32,0,1.3
131,Havelock,US,2021-09-25 01:43:32,34.8791,-76.9013,69.94,87,1,6.91
132,Nishihara,JP,2021-09-25 01:45:53,26.1842,127.7558,85.68,70,40,11.5
133,Paita,PE,2021-09-25 01:45:53,-5.0892,-81.1144,64.87,85,4,13.82
134,Yarkovo,RU,2021-09-25 01:45:54,57.4028,67.0786,37.9,87,1,2.19
135,Pacific Grove,US,2021-09-25 01:41:15,36.6177,-121.9166,75.16,89,1,1.99
136,Mulchen,CL,2021-09-25 01:45:54,-37.7167,-72.2333,52.95,86,0,2.66
137,Skibbereen,IE,2021-09-25 01:45:55,51.55,-9.2667,60.6,95,99,5.46
138,Vestmanna,FO,2021-09-25 01:45:55,62.1564,-7.1664,40.12,93,90,0.0
139,Maturin,VE,2021-09-25 01:45:56,9.75,-63.1767,74.86,93,42,0.51
140,Merritt Island,US,2021-09-25 01:44:26,28.5392,-80.672,83.08,79,90,5.75
141,Zambezi,ZM,2021-09-25 01:45:56,-13.5432,23.1047,62.51,34,0,5.14
142,Castanos,MX,2021-09-25 01:42:05,26.7833,-101.4167,77.97,57,0,1.81
143,Atasu,KZ,2021-09-25 01:45:57,48.6814,71.6433,41.56,36,0,5.57
144,Caravelas,BR,2021-09-25 01:45:57,-17.7125,-39.2481,71.11,68,99,8.55
145,Te Anau,NZ,2021-09-25 01:45:58,-45.4167,167.7167,43.81,91,100,10.04
146,Tasiilaq,GL,2021-09-25 01:43:36,65.6145,-37.6368,29.73,81,98,7.9
147,Beloha,MG,2021-09-25 01:45:58,-25.1667,45.05,69.24,61,0,7.16
148,Hithadhoo,MV,2021-09-25 01:44:04,-0.6,73.0833,82.44,72,99,13.76
149,Nikolskoye,RU,2021-09-25 01:43:46,59.7035,30.7861,46.4,93,100,7.45
150,Ponta Do Sol,PT,2021-09-25 01:44:08,32.6667,-17.1,69.71,71,1,0.43
151,Kropotkin,RU,2021-09-25 01:43:34,45.4375,40.5756,54.23,86,100,13.38
152,Mount Gambier,AU,2021-09-25 01:46:00,-37.8333,140.7667,51.71,62,75,13.8
153,Porto Tolle,IT,2021-09-25 01:46:00,44.9497,12.3245,63.01,72,0,3.04
154,San Cristobal,VE,2021-09-25 01:46:01,7.7669,-72.225,75.38,97,100,3.65
155,Manicore,BR,2021-09-25 01:46:01,-5.8092,-61.3003,73.58,96,85,3.09
156,Codrington,AU,2021-09-25 01:43:56,-38.2667,141.9667,52.2,56,93,13.51
157,Nusaybin,TR,2021-09-25 01:46:02,37.0778,41.2178,68.54,49,0,5.35
158,Sur,OM,2021-09-25 01:46:03,22.5667,59.5289,82.78,70,100,4.38
159,Nayoro,JP,2021-09-25 01:46:03,44.3506,142.4578,64.02,47,45,4.94
160,Kodiak,US,2021-09-25 01:43:45,57.79,-152.4072,51.31,24,1,14.97
161,Gull Lake,CA,2021-09-25 01:46:04,50.1001,-108.4847,59.36,34,1,8.88
162,Lompoc,US,2021-09-25 01:42:00,34.6391,-120.4579,72.1,83,1,9.22
163,Ishigaki,JP,2021-09-25 01:46:05,24.3448,124.1572,86.13,70,20,16.11
164,Margate,GB,2021-09-25 01:46:05,51.3813,1.3862,61.03,91,39,1.99
165,Gat,IL,2021-09-25 01:46:06,31.61,34.7642,72.28,59,78,3.29
166,Abu Samrah,SY,2021-09-25 01:46:06,35.3029,37.1841,61.34,52,0,4.36
167,Ilulissat,GL,2021-09-25 01:44:03,69.2167,-51.1,24.82,58,75,4.61
168,Mehndawal,IN,2021-09-25 01:46:07,26.9753,83.1117,81.18,82,67,4.54
169,Iqaluit,CA,2021-09-25 01:42:10,63.7506,-68.5145,28.13,86,20,11.01
170,Arnstadt,DE,2021-09-25 01:46:07,50.8333,10.95,58.42,88,2,6.24
171,Korla,CN,2021-09-25 01:46:08,41.7597,86.1469,63.55,26,0,6.13
172,Cherskiy,RU,2021-09-25 01:44:27,68.75,161.3,35.6,85,100,11.63
173,Tambura,SS,2021-09-25 01:46:09,5.6,27.4667,65.77,98,100,3.0
174,Dikson,RU,2021-09-25 01:42:39,73.5069,80.5464,36.07,88,100,16.53
175,Mackenzie,CA,2021-09-25 01:46:10,55.2999,-123.1698,52.02,71,90,13.8
176,Altay,CN,2021-09-25 01:46:10,47.8667,88.1167,36.91,59,95,2.91
177,Bayir,TR,2021-09-25 01:46:10,37.2687,28.2167,46.92,35,0,3.76
178,Severo-Kurilsk,RU,2021-09-25 01:43:34,50.6789,156.125,47.44,92,100,29.89
179,Anloga,GH,2021-09-25 01:46:11,5.7947,0.8973,77.22,86,100,10.63
180,Barcelos,PT,2021-09-25 01:46:11,41.5388,-8.6151,63.91,89,100,5.06
181,Upernavik,GL,2021-09-25 01:44:53,72.7868,-56.1549,21.0,82,35,6.15
182,Faanui,PF,2021-09-25 01:43:33,-16.4833,-151.75,77.22,62,0,1.92
183,Padang,ID,2021-09-25 01:46:13,-0.9492,100.3543,78.85,79,97,2.98
184,Matay,EG,2021-09-25 01:46:13,28.419,30.7792,68.92,57,0,10.38
185,Thinadhoo,MV,2021-09-25 01:46:14,0.5333,72.9333,82.35,71,100,12.15
186,Sabzevar,IR,2021-09-25 01:46:14,36.2126,57.6819,76.23,11,0,7.7
187,Bako,ET,2021-09-25 01:46:15,5.7833,36.5667,62.64,87,100,4.36
188,Nerekhta,RU,2021-09-25 01:46:15,57.4588,40.5747,44.49,93,90,7.29
189,Dongsheng,CN,2021-09-25 01:46:15,39.8161,109.9776,64.18,62,100,11.48
190,Ardahan,TR,2021-09-25 01:46:16,41.1087,42.7022,36.97,89,52,3.02
191,Alugan,PH,2021-09-25 01:46:16,12.2188,125.4808,86.11,70,17,6.08
192,Roma,US,2021-09-25 01:42:45,43.2128,-75.4557,58.41,91,1,0.0
193,Yar-Sale,RU,2021-09-25 01:44:16,66.8333,70.8333,33.87,88,16,6.64
194,Banjar,ID,2021-09-25 01:43:25,-8.19,114.9675,82.26,65,84,2.71
195,Labuhan,ID,2021-09-25 01:46:18,-6.8844,112.2051,84.74,66,63,7.18
196,Cabo San Lucas,MX,2021-09-25 01:43:50,22.8909,-109.9124,86.61,79,3,8.28
197,Wattegama,LK,2021-09-25 01:46:18,6.7989,81.4808,77.92,75,100,6.29
198,Buenos Aires,AR,2021-09-25 01:41:23,-34.6132,-58.3772,58.96,83,40,18.41
199,Bilibino,RU,2021-09-25 01:44:52,68.0546,166.4372,28.22,86,100,4.76
200,Bani,DO,2021-09-25 01:46:19,18.2833,-70.3333,78.37,85,98,2.33
201,Los Llanos De Aridane,ES,2021-09-25 01:46:20,28.6585,-17.9182,66.13,79,0,9.22
202,Sheopur,IN,2021-09-25 01:46:20,25.6667,76.7,79.07,86,90,5.28
203,Bethel,US,2021-09-25 01:44:29,41.3712,-73.414,62.96,89,1,4.61
204,Saint-Georges,GD,2021-09-25 01:46:21,12.0564,-61.7485,82.08,83,20,2.3
205,A Coruna,ES,2021-09-25 01:46:21,43.3713,-8.396,63.05,91,64,3.0
206,Dzhebariki-Khaya,RU,2021-09-25 01:46:22,62.2167,135.8,44.26,76,100,5.61
207,Tongliao,CN,2021-09-25 01:46:22,43.6125,122.2653,62.55,93,100,10.51
208,Humaita,BR,2021-09-25 01:46:23,-7.5061,-63.0208,74.05,93,52,1.19
209,Kenai,US,2021-09-25 01:44:18,60.5544,-151.2583,41.02,87,90,3.44
210,Virginia Beach,US,2021-09-25 01:42:43,36.8529,-75.978,70.0,67,20,0.0
211,Yichang,CN,2021-09-25 01:46:23,30.7144,111.2847,88.05,60,44,0.13
212,Lindi,TZ,2021-09-25 01:46:24,-10.0,39.7167,68.16,97,52,4.05
213,Geraldton,AU,2021-09-25 01:46:24,-28.7667,114.6,68.41,40,0,4.61
214,Kahului,US,2021-09-25 01:44:30,20.8947,-156.47,86.02,52,1,24.16
215,Hay River,CA,2021-09-25 01:46:25,60.8156,-115.7999,57.18,54,20,9.22
216,Verkhnevilyuysk,RU,2021-09-25 01:46:25,63.4453,120.3167,43.95,61,4,5.3
217,Komsomolskiy,UZ,2021-09-25 01:42:57,40.4272,71.7189,59.72,41,0,6.91
218,Hasaki,JP,2021-09-25 01:46:26,35.7333,140.8333,75.6,70,71,18.81
219,Sola,VU,2021-09-25 01:46:27,-13.8833,167.55,79.12,79,60,15.75
220,Palkino,RU,2021-09-25 01:46:27,57.5409,28.0126,46.15,97,100,7.92
221,Front Royal,US,2021-09-25 01:45:58,38.9182,-78.1944,58.89,91,1,1.86
222,Tahta,EG,2021-09-25 01:46:28,26.7693,31.5021,75.52,43,0,9.01
223,Bambous Virieux,MU,2021-09-25 01:41:43,-20.3428,57.7575,71.22,94,75,3.44
224,Grindavik,IS,2021-09-25 01:46:29,63.8424,-22.4338,40.95,87,75,12.66
225,Beringovskiy,RU,2021-09-25 01:42:40,63.05,179.3167,32.79,94,100,23.58
226,Mus,TR,2021-09-25 01:46:29,39.0,41.75,43.86,79,1,2.71
227,Touros,BR,2021-09-25 01:46:30,-5.1989,-35.4608,77.9,80,0,16.26
228,Mitsamiouli,KM,2021-09-25 01:46:30,-11.3847,43.2844,75.51,75,0,7.36
229,Magistralnyy,RU,2021-09-25 01:46:31,56.1725,107.4458,41.5,90,100,5.75
230,Pasighat,IN,2021-09-25 01:46:31,28.0667,95.3333,83.34,71,17,0.29
231,Baykit,RU,2021-09-25 01:46:32,61.67,96.37,36.05,81,100,3.2
232,Constantine,DZ,2021-09-25 01:46:32,36.365,6.6147,74.61,49,0,4.61
233,Lodwar,KE,2021-09-25 01:46:32,3.1191,35.5973,80.47,49,94,12.93
234,Moose Factory,CA,2021-09-25 01:46:33,51.2585,-80.6094,48.2,93,90,11.5
235,Praya,CV,2021-09-25 01:46:33,14.9215,-23.5087,77.54,78,20,10.36
236,Ballina,AU,2021-09-25 01:46:34,-28.8667,153.5667,84.78,39,7,8.05
237,Luderitz,NA,2021-09-25 01:41:18,-26.6481,15.1594,59.09,65,40,10.36
238,Pombas,CV,2021-09-25 01:46:35,17.1503,-25.0201,76.78,75,85,8.68
239,Fortuna,US,2021-09-25 01:42:46,40.5982,-124.1573,62.91,63,1,3.0
240,Vostok,RU,2021-09-25 01:46:35,46.4856,135.8833,59.04,47,99,2.3
241,Amapa,BR,2021-09-25 01:46:36,1.0,-52.0,72.37,85,100,3.06
242,Cidreira,BR,2021-09-25 01:43:53,-30.1811,-50.2056,60.48,86,37,3.76
243,Rosetta,EG,2021-09-25 01:46:37,31.4044,30.4164,71.42,59,36,6.73
244,Dovolnoye,RU,2021-09-25 01:46:38,54.4958,79.6671,41.45,87,100,10.13
245,Meulaboh,ID,2021-09-25 01:41:50,4.1363,96.1285,80.87,78,66,4.72
246,Hualmay,PE,2021-09-25 01:44:28,-11.0964,-77.6139,62.22,85,56,8.21
247,Richards Bay,ZA,2021-09-25 01:46:39,-28.783,32.0377,63.86,90,65,3.71
248,Novyy Urengoy,RU,2021-09-25 01:45:10,66.0833,76.6333,32.16,84,8,9.06
249,Wadi Musa,JO,2021-09-25 01:46:40,30.3222,35.4793,54.77,84,0,1.48
250,Vaitape,PF,2021-09-25 01:46:40,-16.5167,-151.75,77.23,62,0,1.92
251,Lavrentiya,RU,2021-09-25 01:43:29,65.5833,-171.0,32.31,92,100,23.47
252,Lashio,MM,2021-09-25 01:46:41,22.9333,97.75,73.71,87,94,0.85
253,Naze,JP,2021-09-25 01:46:41,28.3667,129.4833,85.12,78,24,13.96
254,Kanniyakumari,IN,2021-09-25 01:43:37,8.0833,77.5667,80.53,80,100,19.3
255,Nelson Bay,AU,2021-09-25 01:46:42,-32.7167,152.15,79.77,55,0,3.0
256,Port Hedland,AU,2021-09-25 01:46:42,-20.3167,118.5667,78.85,69,40,10.36
257,Westlock,CA,2021-09-25 01:46:42,54.1502,-113.8688,70.18,40,99,13.8
258,Narkevychi,UA,2021-09-25 01:46:43,49.5172,26.6418,46.29,86,57,14.18
259,Panlaitan,PH,2021-09-25 01:46:43,12.1191,119.8486,84.52,69,46,2.57
260,Port Hardy,CA,2021-09-25 01:42:48,50.6996,-127.4199,59.18,77,40,3.44
261,Machico,PT,2021-09-25 01:46:44,32.7,-16.7667,69.71,75,20,3.44
262,Kisangani,CD,2021-09-25 01:46:45,0.5167,25.2,67.12,99,99,1.52
263,Nome,US,2021-09-25 01:43:35,64.5011,-165.4064,41.07,87,90,11.5
264,Rosarito,MX,2021-09-25 01:46:45,32.3333,-117.0333,73.42,75,83,3.67
265,Iskateley,RU,2021-09-25 01:46:46,67.6803,53.1512,37.94,87,12,13.0
266,Harper,LR,2021-09-25 01:42:16,4.375,-7.7169,77.36,88,71,6.91
267,Masuda,JP,2021-09-25 01:46:46,34.6667,131.85,78.53,78,75,5.75
268,Stornoway,GB,2021-09-25 01:46:47,58.2093,-6.3865,53.56,87,40,12.66
269,Sulangan,PH,2021-09-25 01:46:47,11.1373,123.7228,83.48,73,97,2.46
270,Ostrogozhsk,RU,2021-09-25 01:46:48,50.8664,39.0756,47.59,87,100,7.87
271,Bathsheba,BB,2021-09-25 01:43:47,13.2167,-59.5167,83.01,78,40,10.36
272,Naustdal,NO,2021-09-25 01:46:48,61.509,5.7168,50.13,94,100,5.08
273,Rosario,AR,2021-09-25 01:46:49,-32.9468,-60.6393,59.07,74,0,3.0
274,Ketchikan,US,2021-09-25 01:44:32,55.3422,-131.6461,55.87,88,75,9.22
275,Khandbari,NP,2021-09-25 01:46:49,27.3747,87.2039,75.51,78,46,0.96
276,Sucha Beskidzka,PL,2021-09-25 01:44:20,49.7419,19.5943,59.99,86,100,5.37
277,Bogense,DK,2021-09-25 01:46:50,55.5669,10.0886,59.41,90,27,16.24
278,Banepa,NP,2021-09-25 01:46:50,27.6298,85.5214,68.32,94,40,2.3
279,Iwanai,JP,2021-09-25 01:46:51,42.9744,140.5089,66.18,49,3,4.38
280,Srednekolymsk,RU,2021-09-25 01:44:14,67.45,153.6833,41.4,61,100,10.89
281,Swellendam,ZA,2021-09-25 01:46:52,-34.0226,20.4417,46.78,84,72,1.05
282,Maragogi,BR,2021-09-25 01:46:52,-9.0122,-35.2225,74.84,87,32,10.54
283,Trat,TH,2021-09-25 01:46:52,12.5,102.5,80.98,99,100,6.26
284,Rio Bravo,MX,2021-09-25 01:46:53,25.9833,-98.1,80.08,58,9,12.17
285,Tororo,UG,2021-09-25 01:46:53,0.693,34.1809,64.24,86,97,3.13
286,Laguna,US,2021-09-25 01:44:19,38.421,-121.4238,95.23,18,1,8.05
287,Ginir,ET,2021-09-25 01:46:54,7.1333,40.7,60.26,72,100,3.24
288,Huallanca,PE,2021-09-25 01:46:54,-9.8993,-76.9417,47.01,81,80,4.92
289,Gilbues,BR,2021-09-25 01:46:55,-9.8317,-45.3439,78.69,47,27,3.11
290,Pangody,RU,2021-09-25 01:46:55,65.85,74.4859,31.82,79,3,7.65
291,New Milford,US,2021-09-25 01:45:50,40.9327,-74.0179,68.09,76,1,3.44
292,Jining,CN,2021-09-25 01:46:56,35.405,116.5814,65.08,92,100,9.26
293,Tomatlan,MX,2021-09-25 01:46:56,19.9333,-105.25,78.31,94,100,2.59
294,Sabinas Hidalgo,MX,2021-09-25 01:46:57,26.5,-100.1667,76.05,39,10,5.28
295,Diego De Almagro,CL,2021-09-25 01:46:57,-26.3667,-70.05,59.4,43,0,0.11
296,Coihaique,CL,2021-09-25 01:46:57,-45.5752,-72.0662,53.55,66,75,5.75
297,East London,ZA,2021-09-25 01:44:00,-33.0153,27.9116,60.01,76,10,7.11
298,Hofn,IS,2021-09-25 01:43:30,64.2539,-15.2082,37.92,89,100,11.54
299,Newbury,GB,2021-09-25 01:46:58,51.4003,-1.3206,63.28,93,4,2.15
300,Boende,CD,2021-09-25 01:46:59,-0.2167,20.8667,69.1,98,100,0.78
301,Goderich,CA,2021-09-25 01:43:21,43.7501,-81.7165,57.52,77,7,6.91
302,Mango,US,2021-09-25 01:46:59,27.9797,-82.3065,82.31,81,40,4.61
303,Raga,SS,2021-09-25 01:47:00,8.4596,25.678,68.22,98,100,4.79
304,Alice Springs,AU,2021-09-25 01:43:00,-23.7,133.8833,80.15,9,73,11.5
305,Kirakira,SB,2021-09-25 01:47:00,-10.4544,161.9205,84.02,74,59,10.42
306,Nichinan,JP,2021-09-25 01:47:01,31.6,131.3667,80.28,68,39,11.92
307,Saryozek,KZ,2021-09-25 01:47:01,44.3583,77.9753,46.09,23,0,2.01
308,Nganjuk,ID,2021-09-25 01:47:01,-7.6051,111.9035,86.43,58,33,3.76
309,Borba,BR,2021-09-25 01:47:02,-4.3878,-59.5939,75.0,86,100,2.8
310,Chiang Khong,TH,2021-09-25 01:47:02,20.2613,100.4046,77.32,68,100,2.91
311,Sawtell,AU,2021-09-25 01:47:03,-30.3833,153.1,75.22,38,97,0.0
312,Anadyr,RU,2021-09-25 01:47:04,64.75,177.4833,30.7,80,0,8.01
313,Muncar,ID,2021-09-25 01:47:04,-8.4333,114.3333,81.18,78,77,8.39
314,Billings,US,2021-09-25 01:42:43,45.7833,-108.5007,69.57,37,20,4.61
315,Kanigoro,ID,2021-09-25 01:47:05,-8.13,112.219,84.69,63,45,2.57
316,Teguise,ES,2021-09-25 01:45:15,29.0605,-13.564,66.42,73,0,5.75
317,Ancud,CL,2021-09-25 01:44:47,-41.8697,-73.8203,50.43,93,100,9.93
318,Acari,PE,2021-09-25 01:47:05,-15.4311,-74.6158,70.07,61,36,2.73
319,Souillac,MU,2021-09-25 01:43:49,-20.5167,57.5167,71.37,94,75,3.44
320,Birin,NP,2021-09-25 01:47:06,26.8865,88.0718,69.13,71,6,1.59
321,Tiznit,MA,2021-09-25 01:47:07,29.5833,-9.5,61.75,79,0,1.19
322,Alofi,NU,2021-09-25 01:47:07,-19.0595,-169.9187,75.09,88,21,10.36
323,Westport,US,2021-09-25 01:47:08,41.1415,-73.3579,67.98,86,1,1.01
324,Tatarbunary,UA,2021-09-25 01:47:08,45.8373,29.6142,51.49,71,71,11.63
325,Raymond,US,2021-09-25 01:47:08,43.9015,-70.4703,69.12,90,100,3.53
326,Kungurtug,RU,2021-09-25 01:47:09,50.5994,97.5228,36.25,75,98,5.23
327,Muros,ES,2021-09-25 01:44:53,42.7762,-9.0603,63.23,93,98,5.21
328,Port Lincoln,AU,2021-09-25 01:47:10,-34.7333,135.8667,55.67,56,50,13.06
329,Corinto,GR,2021-09-25 01:47:10,37.9407,22.9573,67.68,59,47,5.99
330,Fukue,JP,2021-09-25 01:47:11,32.6881,128.8419,77.36,78,40,8.05
331,Mehamn,NO,2021-09-25 01:47:11,71.0357,27.8492,45.1,91,100,10.89
332,Tulum,MX,2021-09-25 01:47:12,20.2167,-87.4667,82.98,85,100,4.74
333,College,US,2021-09-25 01:44:15,64.8569,-147.8028,35.58,89,90,3.44
334,Berlevag,NO,2021-09-25 01:47:12,70.8578,29.0864,46.27,89,100,9.57
335,Ossora,RU,2021-09-25 01:47:13,59.2353,163.0719,51.15,54,2,4.72
336,Longyearbyen,SJ,2021-09-25 01:40:31,78.2186,15.6401,40.84,87,75,2.3
337,Palana,RU,2021-09-25 01:47:13,59.1167,159.9667,46.54,58,0,3.56
338,Zamora,EC,2021-09-25 01:47:14,-4.0692,-78.9567,66.45,98,94,2.21
339,Quelimane,MZ,2021-09-25 01:47:14,-17.8786,36.8883,66.78,84,0,1.05
340,Doha,QA,2021-09-25 01:43:56,25.2867,51.5333,84.18,59,0,4.61
341,Lilongwe,MW,2021-09-25 01:47:15,-13.9669,33.7873,65.25,50,0,3.87
342,Basco,PH,2021-09-25 01:45:26,20.4487,121.9702,84.42,76,24,19.86
343,Vanavara,RU,2021-09-25 01:47:15,60.34,102.2797,37.31,54,11,3.06
344,Waingapu,ID,2021-09-25 01:47:16,-9.6567,120.2641,84.76,54,22,9.98
345,Bijie,CN,2021-09-25 01:47:18,27.3125,105.2942,71.17,73,4,11.05
346,Beyneu,KZ,2021-09-25 01:47:20,45.3167,55.2,61.18,75,100,7.61
347,Shache,CN,2021-09-25 01:42:59,38.4167,77.2406,69.93,16,0,5.21
348,Khuzdar,PK,2021-09-25 01:47:23,27.7384,66.6434,76.06,57,8,2.62
349,Semey,KZ,2021-09-25 01:47:23,50.4111,80.2275,28.62,86,0,2.24
350,Guatire,VE,2021-09-25 01:47:24,10.4762,-66.5427,81.1,96,24,3.13
351,Kavaratti,IN,2021-09-25 01:44:24,10.5669,72.642,81.55,78,100,14.25
352,Caronport,CA,2021-09-25 01:47:25,50.4501,-105.8179,58.68,29,47,4.99
353,Hinton,CA,2021-09-25 01:43:05,53.4001,-117.5857,68.04,63,100,4.43
354,Dawlatabad,AF,2021-09-25 01:47:25,36.4141,64.9053,68.58,18,0,1.92
355,Guerrero Negro,MX,2021-09-25 01:45:40,27.9769,-114.0611,72.79,69,100,16.8
356,Chuy,UY,2021-09-25 01:43:30,-33.6971,-53.4616,55.8,97,35,7.11
357,Aklavik,CA,2021-09-25 01:47:26,68.2191,-135.0107,36.32,97,100,18.23
358,Soyo,AO,2021-09-25 01:47:27,-6.1349,12.3689,74.88,87,39,5.46
359,Niagara Falls,CA,2021-09-25 01:47:27,43.1001,-79.0663,62.06,80,1,5.75
360,Cascais,PT,2021-09-25 01:47:29,38.6979,-9.4215,67.46,75,15,1.01
361,Kamaishi,JP,2021-09-25 01:43:28,39.2667,141.8833,70.75,73,70,5.99
362,Pestravka,RU,2021-09-25 01:47:29,52.405,49.9583,54.82,47,99,7.63
363,Kampot,KH,2021-09-25 01:47:30,10.6167,104.1833,75.25,80,100,6.31
364,Burnie,AU,2021-09-25 01:47:30,-41.0667,145.9167,49.91,49,91,12.39
365,San Quintin,MX,2021-09-25 01:47:31,30.4833,-115.95,68.77,80,78,5.86
366,Ngunguru,NZ,2021-09-25 01:47:31,-35.6167,174.5,66.16,66,1,7.54
367,Dudinka,RU,2021-09-25 01:47:32,69.4058,86.1778,33.82,67,100,2.37
368,Ivybridge,GB,2021-09-25 01:47:33,50.3904,-3.9191,61.92,94,3,1.12
369,Diamantino,BR,2021-09-25 01:47:34,-14.4086,-56.4461,89.37,26,86,4.54
370,Olga,RU,2021-09-25 01:47:34,43.7444,135.2892,64.09,60,100,3.47
371,Gayeri,BF,2021-09-25 01:47:34,12.6497,0.4931,76.59,77,50,9.8
372,Vestmannaeyjar,IS,2021-09-25 01:47:35,63.4427,-20.2734,42.6,78,88,3.04
373,Prince Rupert,CA,2021-09-25 01:47:35,54.3161,-130.3201,53.69,98,90,6.91
374,Riverton,US,2021-09-25 01:47:35,40.5219,-111.9391,74.68,42,1,4.61
375,Klyavlino,RU,2021-09-25 01:47:36,54.2649,52.0267,44.11,82,100,14.99
376,Kavieng,PG,2021-09-25 01:42:59,-2.5744,150.7967,83.93,71,15,9.84
377,San Policarpo,PH,2021-09-25 01:47:37,12.1791,125.5072,85.89,71,11,6.15
378,Ucluelet,CA,2021-09-25 01:47:37,48.9329,-125.5528,69.1,81,100,1.01
379,Shimoda,JP,2021-09-25 01:47:38,34.6667,138.95,73.76,74,44,15.9
380,Bubaque,GW,2021-09-25 01:47:38,11.2833,-15.8333,80.74,78,72,3.74
381,Mazamari,PE,2021-09-25 01:47:38,-11.3258,-74.5308,68.77,79,53,1.77
382,Batagay,RU,2021-09-25 01:47:39,67.6333,134.6333,38.35,63,100,8.05
383,Yichun,CN,2021-09-25 01:47:39,47.7,128.9,60.28,53,98,2.3
384,Terra Santa,BR,2021-09-25 01:47:39,-2.1042,-56.4869,79.68,57,100,2.26
385,Evensk,RU,2021-09-25 01:47:40,61.95,159.2333,47.7,66,15,5.26
386,Vila,PT,2021-09-25 01:47:40,42.0304,-8.1588,53.33,91,100,3.6
387,Nyurba,RU,2021-09-25 01:43:43,63.2842,118.3319,44.17,63,16,3.96
388,Ust-Nera,RU,2021-09-25 01:47:41,64.5667,143.2,48.69,50,89,8.19
389,Merauke,ID,2021-09-25 01:47:41,-8.4667,140.3333,82.15,76,46,14.81
390,Houma,US,2021-09-25 01:47:42,29.5958,-90.7195,71.6,72,1,4.68
391,Yeppoon,AU,2021-09-25 01:47:42,-23.1333,150.7333,80.38,55,0,10.8
392,Olafsvik,IS,2021-09-25 01:43:56,64.8945,-23.7142,41.34,73,85,18.7
393,Metro,ID,2021-09-25 01:47:43,-5.1131,105.3067,83.75,70,52,6.38
394,Qufu,CN,2021-09-25 01:47:43,35.5967,116.9911,67.23,89,100,12.15
395,Oriximina,BR,2021-09-25 01:47:43,-1.7656,-55.8661,80.96,57,100,5.23
396,Ambon,ID,2021-09-25 01:47:44,-3.6954,128.1814,84.34,84,20,2.3
397,Maceio,BR,2021-09-25 01:44:21,-9.6658,-35.7353,80.04,83,75,6.91
398,Yinchuan,CN,2021-09-25 01:47:44,38.4681,106.2731,67.08,59,100,4.76
399,Ishinomaki,JP,2021-09-25 01:47:45,38.4167,141.3,66.2,70,97,11.56
400,Guadalupe,MX,2021-09-25 01:47:45,25.6833,-100.25,81.39,68,20,5.14
401,Zhangzhou,CN,2021-09-25 01:47:45,24.5133,117.6556,87.15,60,13,2.39
402,Mamallapuram,IN,2021-09-25 01:47:46,12.6264,80.1722,82.45,73,98,11.61
403,Lagoa,PT,2021-09-25 01:47:46,39.05,-27.9833,70.32,77,100,16.35
404,Haines Junction,CA,2021-09-25 01:43:58,60.7522,-137.5108,46.35,36,60,8.05
405,Guarapari,BR,2021-09-25 01:47:47,-20.6667,-40.4975,69.69,73,100,12.44
406,Kampong Thum,KH,2021-09-25 01:47:47,12.7111,104.8887,79.14,87,100,7.05
407,Sisimiut,GL,2021-09-25 01:44:19,66.9395,-53.6735,29.95,71,30,7.61
408,Progreso,MX,2021-09-25 01:47:48,21.2833,-89.6667,79.72,80,53,6.29
409,Saquarema,BR,2021-09-25 01:47:49,-22.92,-42.5103,69.82,76,100,18.61
410,Hailar,CN,2021-09-25 01:47:49,49.2,119.7,59.83,76,75,6.26
411,San Ramon De La Nueva Oran,AR,2021-09-25 01:47:49,-23.1322,-64.326,67.33,52,0,2.57
412,Borogontsy,RU,2021-09-25 01:47:50,62.6683,131.1683,39.0,96,100,8.03
413,Alzamay,RU,2021-09-25 01:47:50,55.5562,98.6644,39.49,71,22,1.74
414,Todos Santos,MX,2021-09-25 01:47:51,23.45,-110.2167,86.11,84,4,3.44
415,Bafia,CM,2021-09-25 01:47:51,4.75,11.2333,66.94,98,100,0.83
416,Bandarbeyla,SO,2021-09-25 01:47:52,9.4942,50.8122,77.23,78,100,20.02
417,Marshalltown,US,2021-09-25 01:47:52,42.0494,-92.908,57.85,76,20,5.75
418,Bardiyah,LY,2021-09-25 01:47:52,31.7561,25.0865,69.22,62,0,5.88
419,Brekstad,NO,2021-09-25 01:47:53,63.687,9.6654,53.65,93,75,33.38
420,Ajdabiya,LY,2021-09-25 01:44:09,30.7554,20.2263,69.33,64,0,6.62
421,Tucuman,AR,2021-09-25 01:44:26,-26.8241,-65.2226,64.4,55,0,3.44
422,Wittenheim,FR,2021-09-25 01:47:54,47.8078,7.337,60.46,93,0,1.07
423,Brandon,US,2021-09-25 01:47:55,27.9378,-82.2859,82.31,81,40,1.01
424,Nantucket,US,2021-09-25 01:47:55,41.2835,-70.0995,73.51,94,1,12.66
425,Kawalu,ID,2021-09-25 01:47:56,-7.3817,108.2082,80.31,77,85,2.3
426,Brejo,BR,2021-09-25 01:47:56,-3.6844,-42.7503,75.45,85,69,6.46
427,Bonthe,SL,2021-09-25 01:47:57,7.5264,-12.505,77.83,87,100,4.9
428,Barma,SL,2021-09-25 01:47:57,8.35,-11.3333,72.34,100,100,1.14
429,Launceston,AU,2021-09-25 01:44:27,-41.45,147.1667,54.61,45,75,8.01
430,Marsa Matruh,EG,2021-09-25 01:47:58,31.3525,27.2453,71.37,61,6,13.44
431,Heilbron,ZA,2021-09-25 01:47:58,-27.2812,27.9709,58.21,47,59,9.6
432,Bodden Town,KY,2021-09-25 01:47:58,19.2833,-81.25,84.2,83,20,1.99
433,Requena,ES,2021-09-25 01:47:59,39.4883,-1.1004,63.14,86,100,6.78
434,Trairi,BR,2021-09-25 01:44:03,-3.2778,-39.2689,78.67,84,37,13.2
435,Kishanpur,IN,2021-09-25 01:48:00,25.65,81.0167,81.9,79,50,5.53
436,Vanimo,PG,2021-09-25 01:48:00,-2.6741,141.3028,86.32,65,63,7.52
437,Plettenberg Bay,ZA,2021-09-25 01:48:01,-34.0527,23.3716,56.44,84,77,2.24
438,Yanam,IN,2021-09-25 01:48:01,16.7333,82.2167,81.0,89,98,3.15
439,Riyadh,SA,2021-09-25 01:47:47,24.6877,46.7219,78.94,15,38,4.23
440,Owando,CG,2021-09-25 01:48:01,-0.4819,15.8999,70.07,97,100,2.26
441,Karpogory,RU,2021-09-25 01:48:02,64.0019,44.4451,45.88,96,100,7.49
442,Ouesso,CG,2021-09-25 01:48:02,1.6136,16.0517,69.33,99,89,1.45
443,Tautira,PF,2021-09-25 01:48:03,-17.7333,-149.15,82.42,64,0,5.01
444,Taoudenni,ML,2021-09-25 01:48:04,22.6783,-3.9836,95.14,13,16,8.81
445,Surt,LY,2021-09-25 01:46:37,31.2089,16.5887,74.95,67,0,8.99
446,Denizli,TR,2021-09-25 01:48:04,37.8402,29.0698,49.05,41,0,2.3
447,Burns Lake,CA,2021-09-25 01:48:05,54.2331,-125.7533,53.02,71,100,3.76
448,Brasilia De Minas,BR,2021-09-25 01:48:05,-16.2064,-44.4333,76.19,44,35,8.97
449,Darlawn,IN,2021-09-25 01:48:06,24.0167,92.9,73.35,88,17,1.19
450,Roald,NO,2021-09-25 01:44:16,62.5833,6.1333,51.33,87,40,16.11
451,Puerto Del Rosario,ES,2021-09-25 01:48:06,28.5004,-13.8627,71.35,73,0,8.05
452,Udachnyy,RU,2021-09-25 01:48:07,66.4167,112.4,39.92,71,99,1.9
453,Ivaipora,BR,2021-09-25 01:45:31,-24.2478,-51.6847,65.93,63,38,5.19
454,Turgutlu,TR,2021-09-25 01:48:07,38.4953,27.6997,52.07,52,0,2.89
455,Sechura,PE,2021-09-25 01:45:15,-5.5569,-80.8222,64.76,82,16,14.32
456,Inhambane,MZ,2021-09-25 01:48:08,-23.865,35.3833,67.01,76,0,4.72
457,Mapimi,MX,2021-09-25 01:48:08,25.8167,-103.85,77.02,38,15,6.2
458,Zaysan,KZ,2021-09-25 01:48:09,47.4667,84.8667,38.57,40,6,3.36
459,Barabinsk,RU,2021-09-25 01:48:09,55.3571,78.357,38.37,88,100,8.21
460,Fuerte Olimpo,PY,2021-09-25 01:48:10,-21.0415,-57.8738,78.12,42,0,5.91
461,Seddon,AU,2021-09-25 01:48:10,-37.8068,144.8916,56.55,63,40,11.01
462,Ugoofaaru,MV,2021-09-25 01:48:10,5.6667,73.0,82.17,71,97,14.99
463,Bongandanga,CD,2021-09-25 01:48:11,1.5,21.05,68.09,92,100,1.63
464,Sabha,LY,2021-09-25 01:43:39,27.0377,14.4283,78.04,43,0,10.76
465,Meridian,US,2021-09-25 01:47:55,43.6121,-116.3915,81.45,36,1,0.0
466,Ewa Beach,US,2021-09-25 01:42:25,21.3156,-158.0072,87.75,59,90,9.22
467,Lakes Entrance,AU,2021-09-25 01:48:12,-37.8811,147.981,54.57,52,66,13.98
468,Machali,CL,2021-09-25 01:48:12,-34.1833,-70.6667,57.22,73,0,0.87
469,Bemidji,US,2021-09-25 01:48:13,47.4736,-94.8803,51.06,66,1,3.44
470,Bairiki,KI,2021-09-25 01:48:13,1.3292,172.9752,87.8,66,20,11.5
471,Holeby,DK,2021-09-25 01:48:14,54.7115,11.4642,61.0,93,85,18.77
472,Zabid,YE,2021-09-25 01:48:14,14.1951,43.3152,85.75,72,93,6.04
473,Woodward,US,2021-09-25 01:48:15,36.4337,-99.3904,78.03,45,1,11.5
474,Trelew,AR,2021-09-25 01:43:56,-43.249,-65.3051,71.06,37,6,26.17
475,Kolvereid,NO,2021-09-25 01:48:15,64.8655,11.6047,50.05,89,98,17.67
476,Lyuban,BY,2021-09-25 01:48:16,52.7985,28.0048,48.29,92,100,10.92
477,Norman Wells,CA,2021-09-25 01:48:16,65.282,-126.8329,37.44,93,90,12.66
478,Kununurra,AU,2021-09-25 01:48:16,-15.7667,128.7333,89.58,15,31,4.61
479,Le Vauclin,MQ,2021-09-25 01:44:39,14.5452,-60.8388,80.85,89,0,3.44
480,Aksha,RU,2021-09-25 01:48:17,50.2814,113.2867,57.52,65,56,7.72
481,Hami,CN,2021-09-25 01:43:34,42.8,93.45,61.56,25,67,4.68
482,Mukhen,RU,2021-09-25 01:48:18,48.1,136.1,64.29,48,80,3.22
483,Vyazma,RU,2021-09-25 01:48:18,55.2104,34.2951,44.46,99,100,5.41
484,Punta De Piedra,VE,2021-09-25 01:48:18,7.6176,-71.4916,71.37,98,100,1.86
485,Kingston,JM,2021-09-25 01:48:08,17.997,-76.7936,83.35,86,20,1.01
486,Adeje,ES,2021-09-25 01:48:20,28.1227,-16.726,68.52,69,20,1.99
487,Panzhihua,CN,2021-09-25 01:48:20,26.5851,101.7128,75.56,74,19,1.01
488,Ergolding,DE,2021-09-25 01:48:21,48.5833,12.1667,52.02,93,0,1.01
489,Kundiawa,PG,2021-09-25 01:48:21,-6.0167,144.9667,81.88,44,23,2.68
490,Lebedyn,UA,2021-09-25 01:48:21,50.5852,34.4849,47.82,95,99,7.11
491,Karsun,RU,2021-09-25 01:48:22,54.1994,46.9827,46.02,96,100,2.98
492,Doda,IN,2021-09-25 01:48:22,33.1333,75.5667,71.58,76,0,3.29
493,Williston,US,2021-09-25 01:48:23,48.147,-103.618,57.31,28,12,4.79
494,Chino Valley,US,2021-09-25 01:48:23,34.7575,-112.4538,77.41,40,1,1.99
495,San Jose,US,2021-09-25 01:46:57,37.3394,-121.895,79.72,53,90,1.01
496,Ternate,ID,2021-09-25 01:48:24,0.8,127.4,83.07,73,33,6.6
497,Hobyo,SO,2021-09-25 01:48:24,5.3505,48.5268,76.96,86,67,22.17
498,Kurilsk,RU,2021-09-25 01:48:25,45.2333,147.8833,53.69,80,82,22.64
499,Kashi,CN,2021-09-25 01:48:25,39.4547,75.9797,69.01,7,0,8.95
500,Solnechnyy,RU,2021-09-25 01:48:26,50.7214,136.6319,61.27,50,7,4.47
501,Kudahuvadhoo,MV,2021-09-25 01:48:26,2.6708,72.8944,82.33,71,99,16.31
502,Toamasina,MG,2021-09-25 01:48:27,-18.1667,49.3833,68.0,100,75,10.36
503,Zhigansk,RU,2021-09-25 01:48:27,66.7697,123.3711,37.04,68,100,15.97
504,Cerrito,CO,2021-09-25 01:48:27,6.8432,-72.694,52.99,92,100,4.94
505,Maldonado,UY,2021-09-25 01:48:28,-34.6667,-54.9167,56.59,97,65,3.85
506,Saint Augustine,US,2021-09-25 01:48:28,29.8947,-81.3145,80.02,79,75,10.36
507,Marawi,PH,2021-09-25 01:48:29,7.9986,124.2928,75.65,78,100,2.35
508,Estreito,BR,2021-09-25 01:48:29,-5.7833,-43.25,83.28,42,100,3.22
509,Marienburg,PL,2021-09-25 01:48:30,54.0359,19.0266,60.46,79,100,15.7
510,Makakilo City,US,2021-09-25 01:48:30,21.3469,-158.0858,86.32,60,90,9.22
511,Kutum,SD,2021-09-25 01:48:30,14.2,24.6667,74.93,23,99,11.39
512,Pimentel,PE,2021-09-25 01:48:31,-6.8367,-79.9342,63.41,87,73,14.09
513,Axim,GH,2021-09-25 01:48:32,4.8699,-2.2405,76.26,92,100,7.07
514,Sofiyivka,UA,2021-09-25 01:48:32,48.0493,33.8746,46.56,91,75,9.46
515,Matara,LK,2021-09-25 01:48:32,5.9485,80.5353,79.43,84,98,13.96
516,Longford,IE,2021-09-25 01:48:33,53.7333,-7.8,59.67,96,100,7.87
517,Novikovo,RU,2021-09-25 01:43:37,51.1537,37.8879,47.14,95,100,7.52
518,Vuktyl,RU,2021-09-25 01:48:34,63.8567,57.3094,37.56,74,8,6.38
519,Godfrey,US,2021-09-25 01:48:35,38.9556,-90.1868,73.13,61,1,6.91
520,Bara,NG,2021-09-25 01:48:35,10.3744,10.7288,71.4,90,89,5.26
521,Sabang,ID,2021-09-25 01:48:36,5.8933,95.3214,82.74,74,66,13.89
522,Coihueco,CL,2021-09-25 01:48:36,-36.6167,-71.8333,54.34,71,0,2.3
523,Kedrovyy,RU,2021-09-25 01:48:37,56.1667,91.8167,34.21,96,100,5.35
524,Vydrino,RU,2021-09-25 01:48:38,51.485,104.8461,36.46,100,100,9.17
525,Khorinsk,RU,2021-09-25 01:48:38,52.1657,109.7726,49.82,73,100,11.05
526,Eldoret,KE,2021-09-25 01:48:38,0.5204,35.2699,55.49,94,0,5.75
527,Miri,MY,2021-09-25 01:48:39,4.4148,114.0089,86.14,74,20,5.75
528,Changchun,CN,2021-09-25 01:48:39,43.88,125.3228,59.14,93,100,8.5
529,Nanga Eboko,CM,2021-09-25 01:48:40,4.6833,12.3667,66.24,100,100,2.82
530,Svetlogorsk,BY,2021-09-25 01:44:28,52.6333,29.7333,47.52,96,100,9.6
531,Bykovo,RU,2021-09-25 01:48:40,55.6361,38.0803,47.01,100,38,6.71
532,Sakaiminato,JP,2021-09-25 01:48:41,35.55,133.2333,76.98,69,75,14.97
533,Lasa,IT,2021-09-25 01:48:43,46.6166,10.7002,60.26,66,0,2.53
534,Sertanopolis,BR,2021-09-25 01:48:43,-23.0586,-51.0364,78.87,41,85,3.36
535,Igarka,RU,2021-09-25 01:48:43,67.4667,86.5833,34.93,71,12,6.35
536,Veraval,IN,2021-09-25 01:48:44,20.9,70.3667,79.81,83,13,7.0
537,Aitape,PG,2021-09-25 01:44:12,-3.1374,142.3475,85.33,70,39,6.87
538,Erzin,TR,2021-09-25 01:48:44,36.9559,36.2,59.72,36,0,2.73
539,Lucea,JM,2021-09-25 01:48:45,18.451,-78.1736,82.26,77,50,4.21
540,Changli,CN,2021-09-25 01:48:45,39.7042,119.1506,67.71,80,100,4.07
541,Shingu,JP,2021-09-25 01:48:46,33.7333,135.9833,81.59,70,17,11.83
542,Lobito,AO,2021-09-25 01:48:46,-12.3481,13.5456,71.82,84,6,6.38
543,Hastings,GB,2021-09-25 01:48:47,50.8552,0.5729,60.55,96,6,7.14
544,Xining,CN,2021-09-25 01:48:47,36.6167,101.7667,59.7,65,100,4.23
545,Mandera,KE,2021-09-25 01:48:47,3.9366,41.867,76.06,55,67,13.09
546,Bandar,ID,2021-09-25 01:48:48,2.05,99.75,79.83,84,100,1.07
547,Kerman,IR,2021-09-25 01:48:48,30.2832,57.0788,58.86,26,0,4.61
548,Timmins,CA,2021-09-25 01:48:48,48.4669,-81.3331,42.62,100,75,6.91
549,Mecca,SA,2021-09-25 01:48:49,21.4267,39.8261,84.81,49,78,3.2
550,Southbridge,US,2021-09-25 01:48:49,42.0751,-72.0334,67.12,95,99,2.21
551,Ovalle,CL,2021-09-25 01:45:41,-30.5983,-71.2003,56.05,84,1,2.04
552,Bakchar,RU,2021-09-25 01:44:47,57.0186,82.0711,34.21,97,100,4.38
553,Batagay-Alyta,RU,2021-09-25 01:48:50,67.8006,130.4114,32.67,77,68,1.63
554,Hellvik,NO,2021-09-25 01:48:51,59.9156,5.781,51.76,87,100,3.0
555,Papara,BR,2021-09-25 01:48:51,-3.9839,-38.7273,79.68,87,55,7.56
556,Segarcea,RO,2021-09-25 01:48:51,44.1,23.75,59.52,59,40,10.85
557,Port Keats,AU,2021-09-25 01:48:52,-14.25,129.55,86.45,45,34,8.95
558,Dongning,CN,2021-09-25 01:48:52,44.0622,131.1207,62.22,69,100,1.28
